id;tipo;nombre_destinatario;desc_destinatario
1;FISCALIA;target Human withdrawal;dot-com payment Libyan Dinar
2;GUARDIA_CIVIL;calculate;Chips
3;JUZGADO;Automotive Tactics architectures;Wisconsin Facilitator Incredible
4;JUZGADO;eco-centric Bedfordshire mesh;Configuration UIC-Franc
5;JUZGADO;Concrete Bedfordshire;portal calculating Metal
6;JUZGADO;Synergistic Personal Loan Account Sleek;Borders
7;FISCALIA;incubate;interfaces
8;AYUNTAMIENTO;generating;Computers Small Fresh Gloves back-end
9;JUZGADO;compress lavender Investment Account;backing up
10;GUARDIA_CIVIL;Philippine Peso Metal;Strategist
