id;nombre_doc;desc_doc;archivo;archivo_content_type;archivo_pdf;archivo_pdf_content_type
1;Quality;synthesize Creative;../fake-data/blob/hipster.png;image/png;../fake-data/blob/hipster.png;image/png
2;Forint;Concrete Global SMS;../fake-data/blob/hipster.png;image/png;../fake-data/blob/hipster.png;image/png
3;Profound;parsing;../fake-data/blob/hipster.png;image/png;../fake-data/blob/hipster.png;image/png
4;Borders content-based;Tasty Customer Human;../fake-data/blob/hipster.png;image/png;../fake-data/blob/hipster.png;image/png
5;pink even-keeled;bus Internal AI;../fake-data/blob/hipster.png;image/png;../fake-data/blob/hipster.png;image/png
6;THX bypassing Marketing;Dynamic Home Loan Account Tools;../fake-data/blob/hipster.png;image/png;../fake-data/blob/hipster.png;image/png
7;Branding;Home Gloves Latvia;../fake-data/blob/hipster.png;image/png;../fake-data/blob/hipster.png;image/png
8;Ports Manager Fish;Networked;../fake-data/blob/hipster.png;image/png;../fake-data/blob/hipster.png;image/png
9;Fish;payment calculating;../fake-data/blob/hipster.png;image/png;../fake-data/blob/hipster.png;image/png
10;local area network Benin;turn-key dedicated;../fake-data/blob/hipster.png;image/png;../fake-data/blob/hipster.png;image/png
